<?xml version="1.0" encoding="ISO-8859-1"?>

<!-- WebCT XML Content generated by WebCT Content Packaging API -->

<manifest identifier="CMD_6988980_M" version="1.0"
  xmlns="http://www.imsproject.org/content"
  xmlns:webct="http://www.webct.com/IMS">

  <metadata>
    <schema>WebCT Content</schema>
    <schemaversion>2.16</schemaversion>
    <lom xmlns="http://www.imsproject.org/metadata">
      <general>
        <title>
          <langstring xml:lang="en-US">LO</langstring>
        </title>
      </general>
      <educational>
        <learningresourcetype>
          <source>
            <langstring xml:lang="x-none">WebCT</langstring>
          </source>
          <value>
            <langstring xml:lang="x-none">Content Module</langstring>
          </value>
        </learningresourcetype>
      </educational>
    </lom>
  </metadata>

  <organizations>
    <organization identifier="CMD_6988981">
      <webct:properties identifierref="CMD_6988982"/>
      <item identifier="CMD_6988986" identifierref="CMD_6988987">
        <title>The eAdventure game</title>
      </item>
    </organization>
  </organizations>

  <resources>
    <resource identifier="CMD_6988982" type="webctproperties">
      <file href="CMD_6988980_M/data/properties_CMD_6988981.xml"/>
    </resource>
    <resource identifier="CMD_6988984" type="webcontent">
      <file href="CMD_6988980_M/my_files/learningObject.html"/>
    </resource>
    <resource identifier="CMD_6988987" type="webcontent">
      <file href="CMD_6988980_M/my_files/learningObject.html"/>
    </resource>
  </resources>

</manifest>
