<?xml version="1.0" encoding="ISO-8859-1"?>

<!--
**************************************************
WebCT 3595052020 Content Module properties
generated by WebCT Content Packaging API
**************************************************
-->

<properties xmlns="http://www.webct.com/IMS"
            type="Content Module Properties">
  <actionmenu isvisible="true" align="top">
  </actionmenu>
  <toc numbering="yes" initial="1" isfirstpage="yes"
       visibleincontent="no">

  <!--***** Customized Table of Contents (within toc tag) *****-->
  <colorset propertyref="content module"/>
  <bgimage propertyref="content module"/>

  </toc>


  <!--***** Defaults for all content pages *****-->
  <colorset name="D"/>
  <bgimage propertyref="content module"/>
</properties>
